{
  "best_params": {
    "\u03b8_rx1_0": -0.34580550299340596,
    "\u03b8_rx1_1": -2.643230849015154,
    "\u03b8_ry1_0": 0.6930816984064418,
    "\u03b8_ry1_1": -0.6057777706139342,
    "\u03b8_rz1_0": -3.0264467980718575,
    "\u03b8_rz1_1": 0.07502225131963769,
    "\u03b8_rx2_0": 2.473598469715917,
    "\u03b8_rx2_1": 2.2985174579721175,
    "\u03b8_ry2_0": 2.3685637335243257,
    "\u03b8_ry2_1": 0.9096672743654723,
    "\u03b8_rz2_0": 1.5122837707439931,
    "\u03b8_rz2_1": 1.895385393958552
  },
  "best_success_rate": 0.7333333333333333,
  "generations": 150,
  "timestamp": "20251210_210057"
}
