{
  "best_params": {
    "\u03b8_rx1_0": -0.2996333431759911,
    "\u03b8_rx1_1": 0.3502389737367387,
    "\u03b8_ry1_0": 1.0310953674619783,
    "\u03b8_ry1_1": -0.7922684294611363,
    "\u03b8_rz1_0": -0.3050634148713627,
    "\u03b8_rz1_1": 0.18123404976591906,
    "\u03b8_rx2_0": -0.8215880134388935,
    "\u03b8_rx2_1": 2.1729571071088647,
    "\u03b8_ry2_0": -1.123929129079831,
    "\u03b8_ry2_1": 1.2866772983805883,
    "\u03b8_rz2_0": -0.45616181575993003,
    "\u03b8_rz2_1": 1.3265817081838749
  },
  "best_success_rate": 0.8,
  "generations": 75,
  "timestamp": "20251212_030538"
}
