{
  "best_params": {
    "\u03b8_rx1_0": -2.8540220564197853,
    "\u03b8_rx1_1": 2.3823613227182694,
    "\u03b8_ry1_0": 0.6217417699715329,
    "\u03b8_ry1_1": -0.8256678680830056,
    "\u03b8_rz1_0": 2.967244474428261,
    "\u03b8_rz1_1": 0.35620384759500023,
    "\u03b8_rx2_0": 1.7302640833708927,
    "\u03b8_rx2_1": 2.892666374819706,
    "\u03b8_ry2_0": 2.0853464796582806,
    "\u03b8_ry2_1": 0.9371257009100216,
    "\u03b8_rz2_0": 0.6448687226703131,
    "\u03b8_rz2_1": 2.088831758326828
  },
  "best_success_rate": 0.5333333333333333,
  "generations": 50,
  "timestamp": "20251210_072400"
}