{
  "best_params": {
    "\u03b8_rx1_0": 0.1995518937590015,
    "\u03b8_rx1_1": -0.9421406819690369,
    "\u03b8_ry1_0": 1.1289628829943124,
    "\u03b8_ry1_1": -0.3283509292080173,
    "\u03b8_rz1_0": 0.1451640196126313,
    "\u03b8_rz1_1": -0.05390899003190181,
    "\u03b8_rx2_0": -0.6166568103813737,
    "\u03b8_rx2_1": 0.9374342791093129,
    "\u03b8_ry2_0": -0.5586950006772446,
    "\u03b8_ry2_1": 1.3225405614172014,
    "\u03b8_rz2_0": 0.8605280909796497,
    "\u03b8_rz2_1": -2.9924315065721303
  },
  "best_success_rate": 0.8,
  "generations": 30,
  "timestamp": "20251209_205950"
}
