{
  "best_params": {
    "\u03b8_rx1_0": -0.537596301550074,
    "\u03b8_rx1_1": -1.700399973090261,
    "\u03b8_ry1_0": -2.396446072457691,
    "\u03b8_ry1_1": 2.534477886571601,
    "\u03b8_rz1_0": -2.9764613932574253,
    "\u03b8_rz1_1": 0.013532900122976699,
    "\u03b8_rx2_0": -1.5166324865171568,
    "\u03b8_rx2_1": -2.8911056531595434,
    "\u03b8_ry2_0": 2.383480676090465,
    "\u03b8_ry2_1": 0.579807892247257,
    "\u03b8_rz2_0": -0.4729147699309877,
    "\u03b8_rz2_1": 2.341711428433431
  },
  "best_success_rate": 0.7,
  "generations": 30,
  "timestamp": "20251209_210000"
}
