{
  "num_samples": 1000,
  "num_qubits": 8,
  "seed": 42,
  "elapsed_seconds": 106.68050384521484,
  "structured_mi": {
    "mean_mi": 0.13258182210519384,
    "total_mi": 4.772945595786978,
    "mi_per_feature": [
      0.09514350607134414,
      0.09514350607134414,
      0.08678919248945505,
      0.08678919248945505,
      0.12428499415150629,
      0.12428499415150629,
      0.3241619946656005,
      0.3241619946656005,
      0.14545028120726,
      0.07862800972750783,
      0.07862800972750783,
      0.07653953214208631,
      0.07653953214208631,
      0.17973160774791186,
      0.17973160774791186,
      0.07862800972750783,
      0.07862800972750783,
      0.07653953214208631,
      0.07653953214208631,
      0.17973160774791186,
      0.17973160774791186,
      0.1953010733400542,
      0.09890079335139212,
      0.04249350757818826,
      0.15471001695553088,
      0.15471001695553088,
      0.04249350757818826,
      0.09890079335139212,
      0.15471001695553088,
      0.15471001695553088,
      0.11692679237414394,
      0.15941787825208786,
      0.15941787825208786,
      0.15941787825208786,
      0.15941787825208786,
      0.17561129295004907
    ]
  },
  "random_mi": {
    "mean_mi": 0.15847562353338912,
    "total_mi": 5.705122447202008,
    "mi_per_feature": [
      0.05202353671410531,
      0.17331001617717412,
      0.2150312490836086,
      0.1718520641006882,
      0.23064876260547695,
      0.0714041893022852,
      0.27326949403388734,
      0.11100782906167783,
      0.18221035496483173,
      0.11567508856217268,
      0.09990494434198949,
      0.18475353767996694,
      0.1370120109964681,
      0.09554847358728402,
      0.0914536418897618,
      0.18488873388332294,
      0.18830857377123866,
      0.2228183431886599,
      0.11356364162477384,
      0.2874709167015548,
      0.12914008385719544,
      0.12209630974378483,
      0.22300368995507291,
      0.118182557460623,
      0.2696423973103186,
      0.17484504316300464,
      0.23618068684564864,
      0.07034361404567191,
      0.2759901879915472,
      0.12700162405676352,
      0.10324302516615047,
      0.233114010887284,
      0.10343691310153513,
      0.11009299827808317,
      0.048005848381090566,
      0.15864805468730525
    ]
  },
  "classical_mi": {
    "mean_mi": 0.3808792081117063,
    "total_mi": 24.376269319149202,
    "mi_per_feature": [
      0.7653667414875589,
      0.06485485547779657,
      0.7387872455139872,
      0.32001698179478555,
      0.05915477335983965,
      0.0076694487875710315,
      0.6186301653686253,
      0.7665385117978352,
      0.5173654161678487,
      0.011705072630555424,
      0.3129520002036832,
      0.563686378066075,
      0.8086746446061805,
      0.22967527505900698,
      0.005972690664688418,
      0.07520353397062296,
      0.01735836526621304,
      0.5159813054915292,
      0.6553194983653639,
      0.6251983142418245,
      0.13626476862368486,
      0.31381786901441866,
      0.5718344785204432,
      0.008000083791929402,
      0.04309939492721737,
      0.3266365901184676,
      0.6421386511500811,
      0.368395907277858,
      0.31200435733503085,
      0.15388231589291257,
      0.6681214542974994,
      0.4300486287825662,
      0.4933328045535541,
      0.0,
      0.4719491140430725,
      0.26778387324570296,
      0.4885932907354862,
      0.40736438351257265,
      0.683802749794646,
      0.19402969987452412,
      0.6043250577903176,
      0.10026464324533535,
      0.6300375679790873,
      0.146157109688009,
      0.3367815571681223,
      0.7716071228668879,
      0.22018043271771237,
      0.4362637941313532,
      0.33626853314894767,
      0.543300038796162,
      0.694709826134829,
      0.7974684512374441,
      0.7433659212558241,
      0.3294709538749623,
      0.607763932497728,
      0.029289838756565878,
      0.772689675432702,
      0.32756413722895705,
      0.0,
      0.21394989592533964,
      0.0004991108364724717,
      0.595030221321712,
      0.14659981182141557,
      0.3314700514800537
    ]
  },
  "permutation_test": {
    "observed_delta": -0.02589380142819528,
    "p_value": 1.0,
    "significant": false,
    "num_permutations": 1000
  },
  "decision": "NO-GO"
}
