{
  "num_samples": 1000,
  "num_qubits": 8,
  "seed": 42,
  "elapsed_seconds": 113.78022313117981,
  "structured_mi": {
    "mean_mi": 0.20248643466256258,
    "total_mi": 7.289511647852253,
    "mi_per_feature": [
      0.042812920171534596,
      0.0,
      0.19900692424801036,
      0.19888587651608747,
      0.19548369303565583,
      0.19873833900243065,
      0.32107507998292206,
      0.22964650955639287,
      0.08794032625206682,
      0.09479163485367925,
      0.197808356463665,
      0.19209820996762206,
      0.12493250971099013,
      0.08663981854519776,
      0.03770926851395551,
      0.22779064741062482,
      0.12473265785432197,
      0.15480580995496185,
      0.17786401754111347,
      0.19039205068047949,
      0.19776786125920465,
      0.16076221278808633,
      0.21713203461962616,
      0.336951476371276,
      0.23467633746142624,
      0.3369299771996517,
      0.20208045397443675,
      0.16755984455451323,
      0.3405804102387575,
      0.19555719442578257,
      0.3407313484473655,
      0.3255135018633517,
      0.3318464844606377,
      0.31253452724418174,
      0.1785055332026544,
      0.3272277994795889
    ]
  },
  "random_mi": {
    "mean_mi": 0.24447664136473563,
    "total_mi": 8.801159089130483,
    "mi_per_feature": [
      0.13679414701219805,
      0.34954309181335197,
      0.0,
      0.3178908536669782,
      0.24094655148366506,
      0.2326931703627011,
      0.24432852913428538,
      0.2127546867071617,
      0.14672350746634466,
      0.311972978025884,
      0.15396655212246202,
      0.17614462788937102,
      0.21857998930228062,
      0.21626993729593336,
      0.1382622336470436,
      0.169767565091957,
      0.40267400707197276,
      0.14272722005092353,
      0.19702924764995222,
      0.26755647824340656,
      0.33767118824765263,
      0.3194428712628232,
      0.1652528623212377,
      0.354558926906106,
      0.15899386974056018,
      0.31141624844079563,
      0.2650267883127011,
      0.21468898138946546,
      0.23525125303179095,
      0.30997587986310915,
      0.3120585083092664,
      0.34772881251014987,
      0.3480483268620378,
      0.3268570969644278,
      0.3410673961061177,
      0.17649470482436813
    ]
  },
  "classical_mi": {
    "mean_mi": 0.3808792081117063,
    "total_mi": 24.376269319149202,
    "mi_per_feature": [
      0.7653667414875589,
      0.06485485547779657,
      0.7387872455139872,
      0.32001698179478555,
      0.05915477335983965,
      0.0076694487875710315,
      0.6186301653686253,
      0.7665385117978352,
      0.5173654161678487,
      0.011705072630555424,
      0.3129520002036832,
      0.563686378066075,
      0.8086746446061805,
      0.22967527505900698,
      0.005972690664688418,
      0.07520353397062296,
      0.01735836526621304,
      0.5159813054915292,
      0.6553194983653639,
      0.6251983142418245,
      0.13626476862368486,
      0.31381786901441866,
      0.5718344785204432,
      0.008000083791929402,
      0.04309939492721737,
      0.3266365901184676,
      0.6421386511500811,
      0.368395907277858,
      0.31200435733503085,
      0.15388231589291257,
      0.6681214542974994,
      0.4300486287825662,
      0.4933328045535541,
      0.0,
      0.4719491140430725,
      0.26778387324570296,
      0.4885932907354862,
      0.40736438351257265,
      0.683802749794646,
      0.19402969987452412,
      0.6043250577903176,
      0.10026464324533535,
      0.6300375679790873,
      0.146157109688009,
      0.3367815571681223,
      0.7716071228668879,
      0.22018043271771237,
      0.4362637941313532,
      0.33626853314894767,
      0.543300038796162,
      0.694709826134829,
      0.7974684512374441,
      0.7433659212558241,
      0.3294709538749623,
      0.607763932497728,
      0.029289838756565878,
      0.772689675432702,
      0.32756413722895705,
      0.0,
      0.21394989592533964,
      0.0004991108364724717,
      0.595030221321712,
      0.14659981182141557,
      0.3314700514800537
    ]
  },
  "permutation_test": {
    "observed_delta": -0.041990206702173044,
    "p_value": 1.0,
    "significant": false,
    "num_permutations": 1000
  },
  "decision": "NO-GO"
}
