{
  "per_arm": {
    "lstmppo": {
      "mean": 56.08333333333333,
      "min": 39.666666666666664,
      "std": 14.95456080561676,
      "n": 8,
      "per_seed": {
        "1": 55.50000000000001,
        "2": 44.166666666666664,
        "3": 39.83333333333333,
        "4": 73.83333333333333,
        "5": 39.666666666666664,
        "6": 82.83333333333334,
        "7": 50.0,
        "8": 62.83333333333333
      }
    },
    "mingruppo": {
      "mean": 66.16666666666666,
      "min": 49.5,
      "std": 13.6854545655841,
      "n": 8,
      "per_seed": {
        "1": 49.833333333333336,
        "2": 58.666666666666664,
        "3": 57.666666666666664,
        "4": 76.5,
        "5": 91.0,
        "6": 74.83333333333333,
        "7": 71.33333333333334,
        "8": 49.5
      }
    },
    "minlstmppo": {
      "mean": 73.10416666666667,
      "min": 43.833333333333336,
      "std": 12.58221228449998,
      "n": 8,
      "per_seed": {
        "1": 71.66666666666667,
        "2": 72.83333333333334,
        "3": 68.66666666666667,
        "4": 86.5,
        "5": 43.833333333333336,
        "6": 81.5,
        "7": 75.16666666666667,
        "8": 84.66666666666667
      }
    }
  },
  "vs_lstmppo": [
    {
      "arm": "mingruppo",
      "mean_delta": 10.083333333333334,
      "wilcoxon_p": 0.125,
      "ci_lo": 1.9999999999999973,
      "ci_hi": 19.84166666666667,
      "n": 8,
      "per_seed_deltas": [
        -5.666666666666671,
        14.5,
        17.833333333333336,
        2.6666666666666714,
        51.333333333333336,
        -8.000000000000014,
        21.333333333333343,
        -13.333333333333329
      ],
      "bh_q": 0.125
    },
    {
      "arm": "minlstmppo",
      "mean_delta": 17.020833333333336,
      "wilcoxon_p": 0.0078125,
      "ci_lo": 11.956250000000002,
      "ci_hi": 22.10416666666667,
      "n": 8,
      "per_seed_deltas": [
        16.166666666666664,
        28.66666666666668,
        28.833333333333343,
        12.666666666666671,
        4.166666666666671,
        -1.3333333333333428,
        25.16666666666667,
        21.833333333333343
      ],
      "bh_q": 0.015625
    }
  ]
}
