{
  "per_arm": {
    "cfcppo": {
      "mean": 0.9951166666666666,
      "n": 8,
      "per_seed": [
        0.9956,
        0.9981333333333333,
        0.9966666666666667,
        0.9941333333333332,
        0.9990666666666667,
        0.998,
        0.9970666666666667,
        0.9822666666666667
      ]
    },
    "transformerppo": {
      "mean": 0.97825,
      "n": 8,
      "per_seed": [
        0.9794666666666666,
        0.9742666666666667,
        0.9787999999999999,
        0.9809333333333334,
        0.98,
        0.9789333333333332,
        0.9728,
        0.9807999999999999
      ]
    },
    "minlstmppo": {
      "mean": 0.9659333333333333,
      "n": 8,
      "per_seed": [
        0.96,
        0.9736,
        0.9057333333333334,
        0.9961333333333333,
        1.0,
        1.0,
        0.8992,
        0.9928
      ]
    },
    "mingruppo": {
      "mean": 0.95635,
      "n": 8,
      "per_seed": [
        0.9973333333333333,
        1.0,
        0.9953333333333333,
        0.9657333333333332,
        0.9996,
        1.0,
        0.9345333333333334,
        0.7582666666666668
      ]
    },
    "lstmppo": {
      "mean": 0.9387166666666666,
      "n": 8,
      "per_seed": [
        0.7706666666666667,
        0.9638666666666666,
        0.9772,
        0.9790666666666666,
        0.978,
        0.9965333333333335,
        0.8443999999999999,
        1.0
      ]
    },
    "mlpppo": {
      "mean": 0.5013,
      "n": 8,
      "per_seed": [
        0.4938666666666666,
        0.5075999999999999,
        0.5026666666666667,
        0.4989333333333334,
        0.4968,
        0.5074666666666667,
        0.5009333333333333,
        0.5021333333333333
      ]
    },
    "connectomeppo": {
      "mean": 0.49856666666666666,
      "n": 8,
      "per_seed": [
        0.4965333333333333,
        0.4958666666666666,
        0.49826666666666664,
        0.5064,
        0.5009333333333333,
        0.498,
        0.49733333333333335,
        0.49520000000000003
      ]
    }
  },
  "pairwise": [
    {
      "arm_a": "cfcppo",
      "arm_b": "transformerppo",
      "mean_delta": 0.016866666666666696,
      "wilcoxon_p": 0.00390625,
      "ci_lo": 0.014016666666666733,
      "ci_hi": 0.019816666666666677,
      "n": 8,
      "per_seed_deltas": [
        0.016133333333333444,
        0.02386666666666659,
        0.01786666666666681,
        0.013199999999999767,
        0.019066666666666676,
        0.019066666666666787,
        0.02426666666666666,
        0.0014666666666668382
      ],
      "bh_q": 0.007457386363636364
    },
    {
      "arm_a": "cfcppo",
      "arm_b": "minlstmppo",
      "mean_delta": 0.029183333333333325,
      "wilcoxon_p": 0.15625,
      "ci_lo": 0.01125000000000001,
      "ci_hi": 0.04876666666666668,
      "n": 8,
      "per_seed_deltas": [
        0.035600000000000076,
        0.024533333333333296,
        0.09093333333333331,
        -0.002000000000000113,
        -0.0009333333333333416,
        -0.0020000000000000018,
        0.09786666666666666,
        -0.010533333333333283
      ],
      "bh_q": 0.205078125
    },
    {
      "arm_a": "cfcppo",
      "arm_b": "mingruppo",
      "mean_delta": 0.03876666666666666,
      "wilcoxon_p": 0.2734375,
      "ci_lo": 0.0070449999999999775,
      "ci_hi": 0.07070166666666662,
      "n": 8,
      "per_seed_deltas": [
        -0.0017333333333332535,
        -0.0018666666666666831,
        0.0013333333333334085,
        0.02839999999999998,
        -0.0005333333333333856,
        -0.0020000000000000018,
        0.06253333333333322,
        0.22399999999999998
      ],
      "bh_q": 0.3190104166666667
    },
    {
      "arm_a": "cfcppo",
      "arm_b": "lstmppo",
      "mean_delta": 0.05639999999999999,
      "wilcoxon_p": 0.01953125,
      "ci_lo": 0.020656666666666688,
      "ci_hi": 0.09470166666666667,
      "n": 8,
      "per_seed_deltas": [
        0.22493333333333332,
        0.03426666666666667,
        0.019466666666666743,
        0.015066666666666562,
        0.021066666666666678,
        0.0014666666666665051,
        0.15266666666666673,
        -0.017733333333333268
      ],
      "bh_q": 0.0341796875
    },
    {
      "arm_a": "cfcppo",
      "arm_b": "mlpppo",
      "mean_delta": 0.4938166666666666,
      "wilcoxon_p": 0.00390625,
      "ci_lo": 0.49105,
      "ci_hi": 0.49676666666666663,
      "n": 8,
      "per_seed_deltas": [
        0.5017333333333334,
        0.4905333333333334,
        0.494,
        0.4951999999999998,
        0.5022666666666666,
        0.49053333333333327,
        0.4961333333333333,
        0.4801333333333334
      ],
      "bh_q": 0.007457386363636364
    },
    {
      "arm_a": "cfcppo",
      "arm_b": "connectomeppo",
      "mean_delta": 0.49655,
      "wilcoxon_p": 0.00390625,
      "ci_lo": 0.4943933333333334,
      "ci_hi": 0.49891833333333335,
      "n": 8,
      "per_seed_deltas": [
        0.4990666666666667,
        0.5022666666666666,
        0.49840000000000007,
        0.48773333333333324,
        0.4981333333333333,
        0.5,
        0.4997333333333333,
        0.4870666666666667
      ],
      "bh_q": 0.007457386363636364
    },
    {
      "arm_a": "transformerppo",
      "arm_b": "minlstmppo",
      "mean_delta": 0.012316666666666629,
      "wilcoxon_p": 0.421875,
      "ci_lo": -0.00416833333333338,
      "ci_hi": 0.030004999999999955,
      "n": 8,
      "per_seed_deltas": [
        0.019466666666666632,
        0.0006666666666667043,
        0.0730666666666665,
        -0.01519999999999988,
        -0.020000000000000018,
        -0.02106666666666679,
        0.0736,
        -0.012000000000000122
      ],
      "bh_q": 0.4662828947368421
    },
    {
      "arm_a": "transformerppo",
      "arm_b": "mingruppo",
      "mean_delta": 0.02189999999999996,
      "wilcoxon_p": 0.62890625,
      "ci_lo": -0.011633333333333303,
      "ci_hi": 0.05483833333333324,
      "n": 8,
      "per_seed_deltas": [
        -0.017866666666666697,
        -0.025733333333333275,
        -0.0165333333333334,
        0.015200000000000213,
        -0.019600000000000062,
        -0.02106666666666679,
        0.03826666666666656,
        0.22253333333333314
      ],
      "bh_q": 0.6603515625
    },
    {
      "arm_a": "transformerppo",
      "arm_b": "lstmppo",
      "mean_delta": 0.039533333333333295,
      "wilcoxon_p": 0.19140625,
      "ci_lo": 0.004963333333333356,
      "ci_hi": 0.0780366666666666,
      "n": 8,
      "per_seed_deltas": [
        0.20879999999999987,
        0.010400000000000076,
        0.0015999999999999348,
        0.0018666666666667941,
        0.0020000000000000018,
        -0.017600000000000282,
        0.12840000000000007,
        -0.019200000000000106
      ],
      "bh_q": 0.23644301470588236
    },
    {
      "arm_a": "transformerppo",
      "arm_b": "mlpppo",
      "mean_delta": 0.47695,
      "wilcoxon_p": 0.00390625,
      "ci_lo": 0.4740816666666665,
      "ci_hi": 0.479785,
      "n": 8,
      "per_seed_deltas": [
        0.4856,
        0.4666666666666668,
        0.4761333333333332,
        0.48200000000000004,
        0.48319999999999996,
        0.4714666666666665,
        0.47186666666666666,
        0.4786666666666666
      ],
      "bh_q": 0.007457386363636364
    },
    {
      "arm_a": "transformerppo",
      "arm_b": "connectomeppo",
      "mean_delta": 0.47968333333333335,
      "wilcoxon_p": 0.00390625,
      "ci_lo": 0.47811666666666663,
      "ci_hi": 0.48120166666666664,
      "n": 8,
      "per_seed_deltas": [
        0.48293333333333327,
        0.4784000000000001,
        0.48053333333333326,
        0.4745333333333335,
        0.47906666666666664,
        0.4809333333333332,
        0.47546666666666665,
        0.48559999999999987
      ],
      "bh_q": 0.007457386363636364
    },
    {
      "arm_a": "minlstmppo",
      "arm_b": "mingruppo",
      "mean_delta": 0.009583333333333333,
      "wilcoxon_p": 0.7109375,
      "ci_lo": -0.029561666666666663,