{
  "per_arm": {
    "wild_type": {
      "mean": 52.78333333333334,
      "n": 8,
      "per_seed": {
        "1": 57.199999999999996,
        "2": 45.13333333333333,
        "3": 53.733333333333334,
        "4": 51.6,
        "5": 51.6,
        "6": 68.26666666666667,
        "7": 35.333333333333336,
        "8": 59.4
      }
    },
    "rewired_null": {
      "mean": 56.05833333333333,
      "n": 8,
      "per_seed": {
        "1": 46.46666666666667,
        "2": 65.46666666666667,
        "3": 56.266666666666666,
        "4": 61.93333333333333,
        "5": 55.800000000000004,
        "6": 65.26666666666667,
        "7": 50.8,
        "8": 46.46666666666667
      }
    }
  },
  "verdict": {
    "verdict": "degree_statistics",
    "n_common": 8,
    "underpowered": false,
    "mean_delta": -3.2750000000000004,
    "ci_lo": -8.55833333333333,
    "ci_hi": 1.6099999999999979,
    "wilcoxon_p": 0.76953125,
    "bh_q": 0.76953125
  }
}
