{
  "per_arm": {
    "cfcppo": {
      "mean": 0.9951166666666666,
      "n": 8,
      "per_seed": [
        0.9956,
        0.9981333333333333,
        0.9966666666666667,
        0.9941333333333332,
        0.9990666666666667,
        0.998,
        0.9970666666666667,
        0.9822666666666667
      ]
    },
    "transformerppo": {
      "mean": 0.97825,
      "n": 8,
      "per_seed": [
        0.9794666666666666,
        0.9742666666666667,
        0.9787999999999999,
        0.9809333333333334,
        0.98,
        0.9789333333333332,
        0.9728,
        0.9807999999999999
      ]
    },
    "lstmppo": {
      "mean": 0.9387166666666666,
      "n": 8,
      "per_seed": [
        0.7706666666666667,
        0.9638666666666666,
        0.9772,
        0.9790666666666666,
        0.978,
        0.9965333333333335,
        0.8443999999999999,
        1.0
      ]
    },
    "mlpppo": {
      "mean": 0.5013,
      "n": 8,
      "per_seed": [
        0.4938666666666666,
        0.5075999999999999,
        0.5026666666666667,
        0.4989333333333334,
        0.4968,
        0.5074666666666667,
        0.5009333333333333,
        0.5021333333333333
      ]
    },
    "connectomeppo": {
      "mean": 0.49856666666666666,
      "n": 8,
      "per_seed": [
        0.4965333333333333,
        0.4958666666666666,
        0.49826666666666664,
        0.5064,
        0.5009333333333333,
        0.498,
        0.49733333333333335,
        0.49520000000000003
      ]
    }
  },
  "pairwise": [
    {
      "arm_a": "cfcppo",
      "arm_b": "transformerppo",
      "mean_delta": 0.016866666666666696,
      "wilcoxon_p": 0.00390625,
      "ci_lo": 0.014016666666666733,
      "ci_hi": 0.019816666666666677,
      "n": 8,
      "per_seed_deltas": [
        0.016133333333333444,
        0.02386666666666659,
        0.01786666666666681,
        0.013199999999999767,
        0.019066666666666676,
        0.019066666666666787,
        0.02426666666666666,
        0.0014666666666668382
      ],
      "bh_q": 0.005580357142857143
    },
    {
      "arm_a": "cfcppo",
      "arm_b": "lstmppo",
      "mean_delta": 0.05639999999999999,
      "wilcoxon_p": 0.01953125,
      "ci_lo": 0.020656666666666688,
      "ci_hi": 0.09470166666666667,
      "n": 8,
      "per_seed_deltas": [
        0.22493333333333332,
        0.03426666666666667,
        0.019466666666666743,
        0.015066666666666562,
        0.021066666666666678,
        0.0014666666666665051,
        0.15266666666666673,
        -0.017733333333333268
      ],
      "bh_q": 0.0244140625
    },
    {
      "arm_a": "cfcppo",
      "arm_b": "mlpppo",
      "mean_delta": 0.4938166666666666,
      "wilcoxon_p": 0.00390625,
      "ci_lo": 0.49105,
      "ci_hi": 0.49676666666666663,
      "n": 8,
      "per_seed_deltas": [
        0.5017333333333334,
        0.4905333333333334,
        0.494,
        0.4951999999999998,
        0.5022666666666666,
        0.49053333333333327,
        0.4961333333333333,
        0.4801333333333334
      ],
      "bh_q": 0.005580357142857143
    },
    {
      "arm_a": "cfcppo",
      "arm_b": "connectomeppo",
      "mean_delta": 0.49655,
      "wilcoxon_p": 0.00390625,
      "ci_lo": 0.4943933333333334,
      "ci_hi": 0.49891833333333335,
      "n": 8,
      "per_seed_deltas": [
        0.4990666666666667,
        0.5022666666666666,
        0.49840000000000007,
        0.48773333333333324,
        0.4981333333333333,
        0.5,
        0.4997333333333333,
        0.4870666666666667
      ],
      "bh_q": 0.005580357142857143
    },
    {
      "arm_a": "transformerppo",
      "arm_b": "lstmppo",
      "mean_delta": 0.039533333333333295,
      "wilcoxon_p": 0.19140625,
      "ci_lo": 0.004963333333333356,
      "ci_hi": 0.0780366666666666,
      "n": 8,
      "per_seed_deltas": [
        0.20879999999999987,
        0.010400000000000076,
        0.0015999999999999348,
        0.0018666666666667941,
        0.0020000000000000018,
        -0.017600000000000282,
        0.12840000000000007,
        -0.019200000000000106
      ],
      "bh_q": 0.19140625
    },
    {
      "arm_a": "transformerppo",
      "arm_b": "mlpppo",
      "mean_delta": 0.47695,
      "wilcoxon_p": 0.00390625,
      "ci_lo": 0.4740816666666665,
      "ci_hi": 0.479785,
      "n": 8,
      "per_seed_deltas": [
        0.4856,
        0.4666666666666668,
        0.4761333333333332,
        0.48200000000000004,
        0.48319999999999996,
        0.4714666666666665,
        0.47186666666666666,
        0.4786666666666666
      ],
      "bh_q": 0.005580357142857143
    },
    {
      "arm_a": "transformerppo",
      "arm_b": "connectomeppo",
      "mean_delta": 0.47968333333333335,
      "wilcoxon_p": 0.00390625,
      "ci_lo": 0.47811666666666663,
      "ci_hi": 0.48120166666666664,
      "n": 8,
      "per_seed_deltas": [
        0.48293333333333327,
        0.4784000000000001,
        0.48053333333333326,
        0.4745333333333335,
        0.47906666666666664,
        0.4809333333333332,
        0.47546666666666665,
        0.48559999999999987
      ],
      "bh_q": 0.005580357142857143
    },
    {
      "arm_a": "lstmppo",
      "arm_b": "mlpppo",
      "mean_delta": 0.4374166666666667,
      "wilcoxon_p": 0.00390625,
      "ci_lo": 0.40017166666666665,
      "ci_hi": 0.47041,
      "n": 8,
      "per_seed_deltas": [
        0.2768000000000001,
        0.4562666666666667,
        0.47453333333333325,
        0.48013333333333325,
        0.48119999999999996,
        0.48906666666666676,
        0.3434666666666666,
        0.4978666666666667
      ],
      "bh_q": 0.005580357142857143
    },
    {
      "arm_a": "lstmppo",
      "arm_b": "connectomeppo",
      "mean_delta": 0.44015,
      "wilcoxon_p": 0.00390625,
      "ci_lo": 0.4021166666666667,
      "ci_hi": 0.47478833333333337,
      "n": 8,
      "per_seed_deltas": [
        0.2741333333333334,
        0.468,
        0.4789333333333333,
        0.4726666666666667,
        0.47706666666666664,
        0.4985333333333335,
        0.3470666666666666,
        0.5047999999999999
      ],
      "bh_q": 0.005580357142857143
    },
    {
      "arm_a": "mlpppo",
      "arm_b": "connectomeppo",
      "mean_delta": 0.0027333333333333515,
      "wilcoxon_p": 0.15625,
      "ci_lo": -6.8333333333313e-05,
      "ci_hi": 0.0054499999999999904,
      "n": 8,
      "per_seed_deltas": [
        -0.002666666666666706,
        0.011733333333333318,
        0.0044000000000000705,
        -0.007466666666666566,
        -0.004133333333333322,
        0.009466666666666734,
        0.003599999999999992,
        0.006933333333333291
      ],
      "bh_q": 0.1736111111111111
    }
  ],
  "verdict": {
    "separated": true,
    "separating_arms": [
      "lstmppo",
      "cfcppo",
      "transformerppo"
    ],
    "memoryless_means": {
      "mlpppo": 0.5013,
      "connectomeppo": 0.49856666666666666
    },
    "memoryless_at_chance": true
  }
}