{
  "per_arm": {
    "transformerppo": {
      "mean": 0.9889666666666667,
      "n": 8,
      "per_seed": [
        0.988,
        0.9906666666666667,
        0.9892,
        0.9941333333333332,
        0.9905333333333333,
        0.9838666666666667,
        0.9926666666666667,
        0.9826666666666667
      ],
      "reversal_mean": 0.9835232666666667,
      "non_reversal_mean": 0.9949886
    },
    "cfcppo": {
      "mean": 0.9142666666666667,
      "n": 8,
      "per_seed": [
        0.8145333333333333,
        0.9773333333333335,
        0.9812,
        0.9874666666666665,
        0.9587999999999999,
        0.9616,
        0.6574666666666666,
        0.9757333333333332
      ],
      "reversal_mean": 0.9203004000000001,
      "non_reversal_mean": 0.9079682666666667
    },
    "mingruppo": {
      "mean": 0.8595999999999999,
      "n": 8,
      "per_seed": [
        0.8933333333333333,
        0.7728,
        0.8617333333333332,
        0.8170666666666666,
        0.8914666666666669,
        0.9032000000000001,
        0.8897333333333333,
        0.8474666666666666
      ],
      "reversal_mean": 0.7318490666666666,
      "non_reversal_mean": 0.9889629666666666
    },
    "minlstmppo": {
      "mean": 0.85175,
      "n": 8,
      "per_seed": [
        0.8905333333333335,
        0.8658666666666668,
        0.8590666666666666,
        0.8557333333333332,
        0.7774666666666669,
        0.8573333333333333,
        0.8569333333333334,
        0.8510666666666666
      ],
      "reversal_mean": 0.7105489333333334,
      "non_reversal_mean": 0.9941899
    },
    "lstmppo": {
      "mean": 0.8105500000000001,
      "n": 8,
      "per_seed": [
        0.9262666666666667,
        0.6162666666666667,
        0.6604,
        0.8322666666666666,
        0.9466666666666667,
        0.8334666666666667,
        0.8207999999999999,
        0.8482666666666667
      ],
      "reversal_mean": 0.7868178333333333,
      "non_reversal_mean": 0.8349443333333333
    },
    "mlpppo": {
      "mean": 0.48965,
      "n": 8,
      "per_seed": [
        0.48693333333333333,
        0.49439999999999995,
        0.4878666666666666,
        0.49946666666666667,
        0.4858666666666666,
        0.49093333333333333,
        0.4854666666666667,
        0.4862666666666666
      ],
      "reversal_mean": 0.49478716666666667,
      "non_reversal_mean": 0.48653763333333333
    }
  },
  "pairwise": [
    {
      "arm_a": "transformerppo",
      "arm_b": "cfcppo",
      "mean_delta": 0.07470000000000002,
      "wilcoxon_p": 0.00390625,
      "ci_lo": 0.028740000000000026,
      "ci_hi": 0.13208333333333336,
      "n": 8,
      "per_seed_deltas": [
        0.17346666666666666,
        0.013333333333333197,
        0.008000000000000007,
        0.00666666666666671,
        0.03173333333333339,
        0.022266666666666657,
        0.33520000000000005,
        0.006933333333333458
      ],
      "bh_q": 0.006510416666666667
    },
    {
      "arm_a": "transformerppo",
      "arm_b": "mingruppo",
      "mean_delta": 0.12936666666666663,
      "wilcoxon_p": 0.00390625,
      "ci_lo": 0.10988166666666664,
      "ci_hi": 0.1517333333333333,
      "n": 8,
      "per_seed_deltas": [
        0.09466666666666668,
        0.21786666666666665,
        0.12746666666666673,
        0.1770666666666666,
        0.09906666666666641,
        0.08066666666666655,
        0.10293333333333343,
        0.1352000000000001
      ],
      "bh_q": 0.006510416666666667
    },
    {
      "arm_a": "transformerppo",
      "arm_b": "minlstmppo",
      "mean_delta": 0.1372166666666666,
      "wilcoxon_p": 0.00390625,
      "ci_lo": 0.12377999999999995,
      "ci_hi": 0.15222499999999994,
      "n": 8,
      "per_seed_deltas": [
        0.09746666666666648,
        0.12479999999999991,
        0.13013333333333332,
        0.13839999999999997,
        0.2130666666666664,
        0.1265333333333334,
        0.13573333333333326,
        0.13160000000000005
      ],
      "bh_q": 0.006510416666666667
    },
    {
      "arm_a": "transformerppo",
      "arm_b": "lstmppo",
      "mean_delta": 0.17841666666666667,
      "wilcoxon_p": 0.00390625,
      "ci_lo": 0.13022833333333328,
      "ci_hi": 0.23286333333333328,
      "n": 8,
      "per_seed_deltas": [
        0.06173333333333331,
        0.37439999999999996,
        0.3288,
        0.1618666666666666,
        0.04386666666666661,
        0.15039999999999998,
        0.17186666666666683,
        0.13439999999999996
      ],
      "bh_q": 0.006510416666666667
    },
    {
      "arm_a": "transformerppo",
      "arm_b": "mlpppo",
      "mean_delta": 0.49931666666666663,
      "wilcoxon_p": 0.00390625,
      "ci_lo": 0.4973333333333333,
      "ci_hi": 0.5014183333333333,
      "n": 8,
      "per_seed_deltas": [
        0.5010666666666667,
        0.49626666666666674,
        0.5013333333333334,
        0.49466666666666653,
        0.5046666666666666,
        0.49293333333333333,
        0.5072,
        0.49640000000000006
      ],
      "bh_q": 0.006510416666666667
    },
    {
      "arm_a": "cfcppo",
      "arm_b": "mingruppo",
      "mean_delta": 0.05466666666666663,
      "wilcoxon_p": 0.19140625,
      "ci_lo": -0.009696666666666697,
      "ci_hi": 0.11597833333333336,
      "n": 8,
      "per_seed_deltas": [
        -0.07879999999999998,
        0.20453333333333346,
        0.11946666666666672,
        0.17039999999999988,
        0.06733333333333302,
        0.058399999999999896,
        -0.23226666666666662,
        0.12826666666666664
      ],
      "bh_q": 0.205078125
    },
    {
      "arm_a": "cfcppo",
      "arm_b": "minlstmppo",
      "mean_delta": 0.06251666666666658,
      "wilcoxon_p": 0.125,
      "ci_lo": 0.005266666666666586,
      "ci_hi": 0.11841999999999987,
      "n": 8,
      "per_seed_deltas": [
        -0.07600000000000018,
        0.11146666666666671,
        0.12213333333333332,
        0.13173333333333326,
        0.181333333333333,
        0.10426666666666673,
        -0.1994666666666668,
        0.12466666666666659
      ],
      "bh_q": 0.17045454545454544
    },
    {
      "arm_a": "cfcppo",
      "arm_b": "lstmppo",
      "mean_delta": 0.10371666666666664,
      "wilcoxon_p": 0.09765625,
      "ci_lo": 0.02309666666666664,
      "ci_hi": 0.18596166666666664,
      "n": 8,
      "per_seed_deltas": [
        -0.11173333333333335,
        0.36106666666666676,
        0.3208,
        0.1551999999999999,
        0.012133333333333218,
        0.12813333333333332,
        -0.16333333333333322,
        0.1274666666666665
      ],
      "bh_q": 0.146484375
    },
    {
      "arm_a": "cfcppo",
      "arm_b": "mlpppo",
      "mean_delta": 0.42461666666666664,
      "wilcoxon_p": 0.00390625,
      "ci_lo": 0.3683416666666666,
      "ci_hi": 0.46892666666666666,
      "n": 8,
      "per_seed_deltas": [
        0.3276,
        0.48293333333333355,
        0.49333333333333335,
        0.4879999999999998,
        0.47293333333333326,
        0.4706666666666667,
        0.17199999999999993,
        0.4894666666666666
      ],
      "bh_q": 0.006510416666666667
    },
    {
      "arm_a": "mingruppo",
      "arm_b": "minlstmppo",
      "mean_delta": 0.007849999999999954,
      "wilcoxon_p": 0.37109375,
      "ci_lo": -0.021018333333333396,
      "ci_hi": 0.03371833333333331,
      "n": 8,
      "per_seed_deltas": [
        0.0027999999999998026,
        -0.09306666666666674,
        0.002666666666666595,
        -0.03866666666666663,
        0.11399999999999999,
        0.04586666666666683,
        0.03279999999999983,
        -0.0036000000000000476
      ],
      "bh_q": 0.37109375
    },
    {
      "arm_a": "mingruppo",
      "arm_b": "lstmppo",
      "mean_delta": 0.04905000000000001,
      "wilcoxon_p": 0.15625,
      "ci_lo": 0.009248333333333346,
      "ci_hi": 0.09115833333333336,
      "n": 8,